노선번호,노선명,도,시군구,읍면동,출입시설,준공년도
제001호,경부선,부산광역시,금정구,구서동,구서IC,2005
제001호,경부선,부산광역시,금정구,두구동,부산TG,2005
제001호,경부선,부산광역시,금정구,노포동,노포IC,2005
제001호,경부선,부산광역시,금정구,노포동,노포JCT,2005
제001호,경부선,경상남도,양산시,다방동,양산JCT,2005
제001호,경부선,경상남도,양산시,산막동,양산IC,2005
제001호,경부선,울산광역시,울주군,삼남면,통도사하이패스IC,2005
제001호,경부선,울산광역시,울주군,삼남면,통도사IC,2005
제001호,경부선,울산광역시,울주군,삼남면,서울주JCT,2005
제001호,경부선,울산광역시,울주군,삼남면,서울산IC,2005
제001호,경부선,울산광역시,울주군,언양읍,언양JCT,2005
제001호,경부선,울산광역시,울주군,두서면,활천IC,2018
제001호,경부선,경상북도,경주시,율  동,경주IC,2018
제001호,경부선,경상북도,경주시,건천읍,서경주IC,2018
제001호,경부선,경상북도,영천시,북안면,영천JCT,2018
제001호,경부선,경상북도,영천시,본촌동,영천IC,2006
제001호,경부선,경상북도,경산시,진량읍,경산IC,2005
제001호,경부선,대구광역시,동  구,숙천동,동대구JCT,2003
제001호,경부선,대구광역시,동  구,검사동,도동JCT,2003
제001호,경부선,대구광역시,북  구,서변동,북대구IC,2003
제001호,경부선,대구광역시,북  구,금호동,금호JCT,2003
제001호,경부선,경상북도,칠곡군,지천면,칠곡물류IC,2003
제001호,경부선,경상북도,칠곡군,왜관읍,왜관IC,2003
제001호,경부선,경상북도,구미시,임오동,남구미IC,2003
제001호,경부선,경상북도,구미시,신평동,구미IC,2003
제001호,경부선,경상북도,구미시,부곡동,북구미 하이패스IC,2003
제001호,경부선,경상북도,김천시,아포면,김천JCT,1987
제001호,경부선,경상북도,김천시,남  면,동김천IC,2006
제001호,경부선,경상북도,김천시,교 동,김천IC,2006
제001호,경부선,경상북도,김천시,봉산면,추풍령IC,2006
제001호,경부선,충청북도,영동군,황간면,황간IC,2006
제001호,경부선,충청북도,영동군,용산면,영동IC,2006
제001호,경부선,충청북도,옥천군,동이면,금강IC,2003
제001호,경부선,충청북도,옥천군,옥천읍,옥천IC,2005
제001호,경부선,대전광역시,동  구,비룡동,비룡JCT,1999
제001호,경부선,대전광역시,대덕구,송촌동,대전IC,1999
제001호,경부선,대전광역시,대덕구,신대동,회덕JCT,1998
제001호,경부선,대전광역시,대덕구,목상동,신탄진IC,1998
제001호,경부선,충청북도,청주시,남이면,남청주IC,1993
제001호,경부선,충청북도,청주시,남이면,청주JCT,1993
제001호,경부선,충청북도,청주시,신전동,남이JCT,1993
제001호,경부선,충청북도,청주시,석소동,청주IC,1993
제001호,경부선,충청북도,청주시,옥산면,옥산하이패스IC,1993
제001호,경부선,충청북도,청주시,옥산면,옥산JCT,1993
제001호,경부선,충청남도,천안시,성남면,독립기념관IC,1986
제001호,경부선,충청남도,천안시,목천면,천안JCT,2023
제001호,경부선,충청남도,천안시,신부동,천안IC ,2002
제001호,경부선,충청남도,천안시,성거읍,북천안IC,1993
제001호,경부선,경기도,안성시,공도읍,안성IC ,1993
제001호,경부선,경기도,평택시,월곡동,안성JCT,2009
제001호,경부선,경기도,용인시,남사면,남사진위IC,1993
제001호,경부선,경기도,오산시,원동,오산IC ,2006
제001호,경부선,경기도,화성시,동탄면,동탄JCT,2024
제001호,경부선,경기도,화성시,동탄면,기흥동탄IC,2024
제001호,경부선,경기도,화성시,동탄면,기흥IC,1993
제001호,경부선,경기도,용인시,기흥구,수원신갈IC,1993
제001호,경부선,경기도,용인시,기흥구,신갈JCT,2002
제001호,경부선,경기도,용인시,수지구,서울TG,1992
제001호,경부선,경기도,성남시,분당구,판교IC,2009
제001호,경부선,경기도,성남시,분당구,판교JCT,2015
제001호,경부선,경기도,성남시,분당구,대왕판교IC,2015
제001호,경부선,경기도,성남시,수정구,금토JCT,2015
제001호,경부선,서울특별시,서초구,양재동,양재IC,2015
제010호,남해선(영암~순천),전라남도,영암군,학산면,서영암IC,2012
제010호,남해선(영암~순천),전라남도,영암군,서호면,서호학산IC,2012
제010호,남해선(영암~순천),전라남도,강진군,성전면,강진무위사IC,2012
제010호,남해선(영암~순천),전라남도,장흥군,부산면,장흥IC,2012
제010호,남해선(영암~순천),전라남도,보성군,미력면,보성IC,2012
제010호,남해선(영암~순천),전라남도,보성군,벌교읍,벌교IC,2012
제010호,남해선(영암~순천),전라남도,고흥군,동강면,고흥IC,2012
제010호,남해선(영암~순천),전라남도,순천시,인월동,순천만IC,2012
제010호,남해선(영암~순천),전라남도,순천시,해룡면,도롱IC,2012
제010호,남해선(순천~부산),전라남도,순천시,서  면,서순천IC,1996
제010호,남해선(순천~부산),전라남도,순천시,서  면,순천IC,1993
제010호,남해선(순천~부산),전라남도,순천시,서  면,순천JCT,1993
제010호,남해선(순천~부산),전라남도,광양시,광양읍,광양 IC,1992
제010호,남해선(순천~부산),전라남도,광양시,중군동,동광양IC,1992
제010호,남해선(순천~부산),전라남도,광양시,옥곡면,옥곡 IC,1992
제010호,남해선(순천~부산),전라남도,광양시,진월면,진월 IC,1992
제010호,남해선(순천~부산),경상남도,하동군,금남면,하동IC,1992
제010호,남해선(순천~부산),경상남도,하동군,진교면,진교IC,1992
제010호,남해선(순천~부산),경상남도,사천시,곤양면,곤양IC,1992
제010호,남해선(순천~부산),경상남도,사천시,축동면,축동IC,1992
제010호,남해선(순천~부산),경상남도,사천시,축동면,사천IC,2011
제010호,남해선(순천~부산),경상남도,진주시,정촌면,진주JCT,2011
제010호,남해선(순천~부산),경상남도,진주시,가좌동,진주IC,2011
제010호,남해선(순천~부산),경상남도,진주시,문산읍,문산IC,2011
제010호,남해선(순천~부산),경상남도,진주시,진성면,진성IC,2011
제010호,남해선(순천~부산),경상남도,진주시,지수면,지수IC,2011
제010호,남해선(순천~부산),경상남도,함안군,군북면,군북IC,2011
제010호,남해선(순천~부산),경상남도,함안군,군북면,장지IC,2011
제010호,남해선(순천~부산),경상남도,함안군,가야읍,함안IC,2011
제010호,남해선(순천~부산),경상남도,함안군,산인면,산인JCT,1989
제010호,남해선(순천~부산),경상남도,함안군,칠원면,칠원JCT,2001
제010호,남해선(순천~부산),경상남도,창원시,북면,북창원IC,2001
제010호,남해선(순천~부산),경상남도,창원시,동읍,창원JCT,2001
제010호,남해선(순천~부산),경상남도,김해시,진영읍,동창원IC,2001
제010호,남해선(순천~부산),경상남도,김해시,진영읍,진영JCT,2001
제010호,남해선(순천~부산),경상남도,김해시,진례면,진례IC,2001
제010호,남해선(순천~부산),경상남도,김해시,주촌면,냉정JCT,2014
제010호,남해선(순천~부산),경상남도,김해시,풍유동,서김해IC,2014
제010호,남해선(순천~부산),경상남도,김해시,부원동,동김해IC,2014
제010호,남해선(순천~부산),경상남도,김해시,지내동,김해JCT,2014
제010호,남해선(순천~부산),경상남도,김해시,강동동,북부산TG,2014
제010호,남해선(순천~부산),경상남도,김해시,강동동,대저JCT,2014
제012호,무안광주선,전라남도,무안군,망운면,무안공항IC,2007
제012호,무안광주선,전라남도,무안군,무안읍,북무안IC무안공항TG,2007
제012호,무안광주선,전라남도,함평군,함평읍,함평JCT,2007
제012호,무안광주선,전라남도,함평군,학교면,동함평IC,2007
제012호,무안광주선,전라남도,나주시,문평면,문평IC,2007
제012호,무안광주선,전라남도,나주시,노안면,나주IC,2007
제012호,무안광주선,전라남도,나주시,노안면,서광산IC,2007
제012호,무안광주선,광주광역시,광산구,운수동,운수IC,2008
제012호,광주대구선,광주광역시,북  구,망월동,문흥IC,2009
제012호,광주대구선,광주광역시,북  구,망월동,동광주TG,2009
제012호,광주대구선,전라남도,담양군,고서면,고서JCT,2006
제012호,광주대구선,전라남도,담양군,봉산면,담양JCT,2006
제012호,광주대구선,전라남도,담양군,무정면,담양IC,2006
제012호,광주대구선,전라북도,순창군,순창읍,순창IC,2015
제012호,광주대구선,전라북도,남원시,대산면,남원JCT,2015
제012호,광주대구선,전라북도,남원시,월락동,남원IC,2015
제012호,광주대구선,전라북도,남원시,산동면,동남원IC,2015
제012호,광주대구선,전라북도,남원시,아영면,지리산IC,2015
제012호,광주대구선,경상남도,함양군,병곡면,서함양하이패스IC,2015
제012호,광주대구선,경상남도,함양군,함양읍,함양IC,2015
제012호,광주대구선,경상남도,함양군,함양읍,함양JCT,2015
제012호,광주대구선,경상남도,거창군,남상면,거창IC,2015
제012호,광주대구선,경상남도,거창군,가조면,가조IC,2015
제012호,광주대구선,경상남도,합천군,야로면,해인사IC,2015
제012호,광주대구선,경상북도,고령군,쌍림면,고령IC,2015
제012호,광주대구선,경상북도,고령군,성산면,동고령IC,2006
제012호,광주대구선,경상북도,고령군,성산면,고령JCT,2006
제012호,광주대구선,대구광역시,달성군,옥포면,옥포JCT,2006
제014호,함양울산선(창녕~밀양),경상남도,창녕군,장마면,시점,2024
제014호,함양울산선(창녕~밀양),경상남도,창녕군,계성면,창녕JCT,2024
제014호,함양울산선(창녕~밀양),경상남도,밀양시,무안면,서밀양IC,2024
제014호,함양울산선(밀양-울산),경상남도,밀양시,산외면,밀양JCT,2020
제014호,함양울산선(밀양-울산),경상남도,양산시,원동면,배내골IC,2020
제014호,함양울산선(밀양-울산),울산광역시,울주군,삼동면,서울주 JCT,2020
제014호,함양울산선(밀양-울산),울산광역시,울주군,청량면,울주JCT,2020
제253호,고창담양선,전라북도,고창군,고수면,고창JCT,2007
제253호,고창담양선,전라북도,고창군,고수면,남고창IC,2007
제253호,고창담양선,전라남도,장성군,서삼면,장성물류IC,2007
제253호,고창담양선,전라남도,장성군,장성읍,장성JCT,2007
제253호,고창담양선,전라남도,장성군,진원면,북광주IC,2006
제253호,고창담양선,전라남도,담양군,창평면,담양JCT,2006
제253호,고창담양선,전라남도,담양군,대덕면,대덕JCT,2006
제015호,서해안선,전라남도,무안군,삼향면,목포IC,1998
제015호,서해안선,전라남도,무안군,삼향면,죽림IC,1998
제015호,서해안선,전라남도,무안군,일로읍,일로IC,1998
제015호,서해안선,전라남도,무안군,일로읍,목포TG,1998
제015호,서해안선,전라남도,무안군,무안읍,무안IC,1998
제015호,서해안선,전라남도,함평군,함평읍,함평JCT,2001
제015호,서해안선,전라남도,함평군,함평읍,함평IC,2001
제015호,서해안선,전라남도,영광군,불갑면,불갑산 하이패스IC,2001
제015호,서해안선,전라남도,영광군,대마면,영광IC,2001
제015호,서해안선,전라북도,고창군,고수면,고창JCT,2001
제015호,서해안선,전라북도,고창군,고창읍,고창IC,2001
제015호,서해안선,전라북도,고창군,흥덕면,선운산IC,2001
제015호,서해안선,전라북도,부안군,줄포면,줄포IC,2001
제015호,서해안선,전라북도,부안군,동진면,부안IC,2001
제015호,서해안선,전라북도,김제시,성덕면,서김제IC,2001
제015호,서해안선,전라북도,군산시,대야면,동군산IC,1997
제015호,서해안선,전라북도,군산시,성산면,군산IC,1997
제015호,서해안선,충청남도,서천군,화양면,동서천JCT,1998
제015호,서해안선,충청남도,서천군,종천면,서천IC,2001
제015호,서해안선,충청남도,보령시,주산면,춘장대IC,2001
제015호,서해안선,충청남도,보령시,웅천읍,무창포IC,2001
제015호,서해안선,충청남도,보령시,내항동,대천IC,2001
제015호,서해안선,충청남도,보령시,천북면,광천IC ,2001
제015호,서해안선,충청남도,홍성군,갈산면,홍성IC,2001
제015호,서해안선,충청남도,서산시,해미면,해미IC,2001
제015호,서해안선,충청남도,서산시,운산면,서산IC,2001
제015호,서해안선,충청남도,당진시,사기소동,당진JCT,2001
제015호,서해안선,충청남도,당진시,송악읍,당진IC,2000
제015호,서해안선,충청남도,당진시,송악읍,송악IC,2000
제015호,서해안선,충청남도,당진시,송악읍,행담도(휴),2000
제015호,서해안선,경기도,평택시,포승읍,포승JCT,2000
제015호,서해안선,경기도,평택시,포승읍,서평택IC,2019
제015호,서해안선,경기도,평택시,청북면,서평택JCT,2018
제015호,서해안선,경기도,화성시,팔탄면,발안IC,1996
제015호,서해안선,경기도,화성시,팔탄면,팔탄JCT,1996
제015호,서해안선,경기도,화성시,비봉면,비봉IC,2011
제015호,서해안선,경기도,화성시,매송면,매송IC,2011
제015호,서해안선,경기도,안산시,팔곡1동,팔곡JCT,1996
제015호,서해안선,경기도,안산시,부곡동,안산JCT,2015
제015호,서해안선,경기도,안산시,장하동,서서울TG,2015
제015호,서해안선,경기도,시흥시,조남동,조남JCT,2015
제015호,서해안선,경기도,시흥시,목감동,목감IC,2015
제015호,서해안선,경기도,안양시,박달동,광명역IC,2015
제015호,서해안선,경기도,광명시,일직동,일직JCT,2016
제015호,서해안선,서울특별시,금천구,독산동,금천IC ,1998
제016호,울산선,울산광역시,울주군,언양읍,언양JCT,1969
제016호,울산선,울산광역시,울주군,범서면,울산JCT,2009
제016호,울산선,울산광역시,울주군,범서면,울산TG,2008
제016호,울산선,울산광역시,울주군,범서면,관리종점,2008
제016호,울산선,울산광역시,남  구,무거동,노선종점,2008
제204호,새만금포항선지선,전라북도,익산시,왕궁면,익산JCT,2007
제204호,새만금포항선지선,전라북도,완주군,봉동읍,완주IC,2007
제204호,새만금포항선지선,전라북도,완주군,용진면,완주JCT,2007
제204호,새만금포항선지선,전라북도,완주군,소양면,소양IC,2007
제020호,새만금포항선(완주~장수),전라북도,진안군,진안읍,진안IC,2007
제020호,새만금포항선(완주~장수),전라북도,장수군,계남면,장수IC,2007
제020호,새만금포항선(완주~장수),전라북도,장수군,장계면,장수JCT,2001
제020호,새만금포항선(대구~포항),대구광역시,동구,도동,팔공산IC,2004
제020호,새만금포항선(대구~포항),대구광역시,동구,도동,도동JCT,2004
제020호,새만금포항선(대구~포항),경상북도,영천시,청통면,청통와촌IC,2004
제020호,새만금포항선(대구~포항),경상북도,영천시,화산면,화산JCT,2004
제020호,새만금포항선(대구~포항),경상북도,영천시,매산동,북영천IC,2004
제020호,새만금포항선(대구~포항),경상북도,영천시,임고면,임고하이패스IC,2004
제020호,새만금포항선(대구~포항),경상북도,포항시,기계면,서포항IC,2004
제020호,새만금포항선(대구~포항),경상북도,포항시,연일읍,포항TG,2004
제020호,새만금포항선(대구~포항),경상북도,포항시,연일읍,학전IC,2009
제020호,새만금포항선(대구~포항),경상북도,포항시,연일읍,포항IC,2009
제025호,호남선,전라남도,순천시,승주읍,승주IC,1996
제025호,호남선,전라남도,순천시,주암면,주암IC,1996
제025호,호남선,전라남도,곡성군,석곡면,석곡IC,1996
제025호,호남선,전라남도,곡성군,삼기면,곡성IC,1996
제025호,호남선,전라남도,곡성군,오산면,옥과IC,1996
제025호,호남선,전라남도,담양군,대덕면,대덕JCT,1996
제025호,호남선,전라남도,담양군,창평면,창평IC,1996
제025호,호남선,전라남도,담양군,고서면,고서JCT,2006
제025호,호남선,광주광역시,북  구,망월동,동광주TG,2009
제025호,호남선,광주광역시,북  구,망월동,문흥IC,2009
제025호,호남선,광주광역시,북  구,문흥동,동광주IC,1989
제025호,호남선,광주광역시,북  구,용봉동,용봉IC,1989
제025호,호남선,광주광역시,북  구,매곡동,서광주IC,1986
제025호,호남선,광주광역시,북  구,동림동,동림IC,1986
제025호,호남선,광주광역시,광산구,수완동,산월IC,1986
제025호,호남선,광주광역시,광산구,월계동,광산IC,1986
제025호,호남선,전라남도,장성군,남  면,북광산IC,1986
제025호,호남선,전라남도,장성군,남  면,광주TG,1986
제025호,호남선,전라남도,장성군,남  면,남장성JCT,2012
제025호,호남선,전라남도,장성군,장성읍,장성IC,2012
제025호,호남선,전라남도,장성군,장성읍,북장성하이패스IC,2012
제025호,호남선,전라남도,장성군,장성읍,장성JCT,2006
제025호,호남선,전라남도,장성군,북이면,백양사IC,2008
제025호,호남선,전라북도,정읍시,입암면,내장산IC,2012
제025호,호남선,전라북도,정읍시,농소동,정읍IC,1986
제025호,호남선,전라북도,정읍시,태인면,태인IC,1986
제025호,호남선,전라북도,김제시,금산면,금산사IC,1986
제025호,호남선,전라북도,김제시,금구면,김제IC,1986
제025호,호남선,전라북도,완주군,이서면,서전주IC,1986
제025호,호남선,전라북도,전주시,용정동,전주IC,1986
제025호,호남선,전라북도,익산시,왕궁면,삼례IC,2010
제025호,호남선,전라북도,익산시,왕궁면,익산JCT,2010
제025호,호남선,전라북도,완주군,봉동읍,익산IC,2010
제025호,호남선,충청남도,논산시,연무읍,논산JCT,1986
제025호,논산천안선,충청남도,논산시,연무읍,남논산TG,2002
제025호,논산천안선,충청남도,논산시,채운면,연무IC,2002
제025호,논산천안선,충청남도,논산시,광석면,서논산IC,2002
제025호,논산천안선,충청남도,공주시,탄천면,탄천IC,2002
제025호,논산천안선,충청남도,공주시,검상동,남공주IC,2002
제025호,논산천안선,충청남도,공주시,우성면,공주JCT,2002
제025호,논산천안선,충청남도,공주시,우성면,북공주JCT,2002
제025호,논산천안선,충청남도,공주시,정안면,정안IC ,2002
제025호,논산천안선,충청남도,천안시,풍세면,풍세TG,2002
제025호,논산천안선,충청남도,천안시,목천면,남천안IC,2002
제025호,논산천안선,충청남도,천안시,목천면,천안JCT,2002
제027호,순천완주선,전라남도,순천시,해룡면,동순천IC,2011
제027호,순천완주선,전라남도,순천시,왕지동,순천JCT,2011
제027호,순천완주선,전라남도,순천시,황전면,황전IC,2011
제027호,순천완주선,전라남도,구례군,용방면,구례화엄사IC,2011
제027호,순천완주선,전라북도,남원시,송동면,서남원IC,2011
제027호,순천완주선,전라북도,남원시,대산면,남원JCT,2010
제027호,순천완주선,전라북도,남원시,대산면,북남원IC,2011
제027호,순천완주선,전라북도,임실군,오수면,오수IC,2010
제027호,순천완주선,전라북도,임실군,성수면,임실IC,2010
제027호,순천완주선,전라북도,완주군,상관면,상관IC,2010
제027호,순천완주선,전라북도,전주시,덕진구,동전주IC,2010
제027호,순천완주선,전라북도,완주군,용진면,완주JCT,2010
제029호,세종포천선(세종안성),경기도,안성시,금광면,남안성JCT,2024
제029호,세종포천선(안성구리),경기도,안성시,금광면,시점,2024
제029호,세종포천선(안성구리),경기도,안성시,보개면,안성맞춤IC,2024
제029호,세종포천선(안성구리),경기도,안성시,고삼면,고삼하이패스IC,2024
제029호,세종포천선(안성구리),경기도,용인시,원삼면,남용인IC,2024
제029호,세종포천선(안성구리),경기도,안성시,양지면,용인JCT,2024
제029호,세종포천선(안성구리),경기도,용인시,포곡읍,북용인JCT,2024
제029호,세종포천선(안성구리),경기도,용인시,모현읍,북용인IC,2024
제029호,세종포천선(안성구리),경기도,용인시,모현읍,오포(세종)IC,2024
제029호,세종포천선(안성구리),경기도,광주시,추자동,오포(포천)IC,2024
제029호,세종포천선(안성구리),경기도,광주시,직동,광남IC,2024
제029호,세종포천선(안성구리),경기도,하남시,광암동,서하남JCT,2024
제029호,세종포천선(안성구리),경기도,하남시,감북동,하남감북TG,2024
제029호,세종포천선(안성구리),경기도,하남시,감북동,초이IC,2024
제029호,세종포천선(안성구리),서울특별시,강동구,고덕동,강동고덕IC,2024
제029호,세종포천선(안성구리),경기도,구리시,토평동,남구리IC,2024
제029호,세종포천선(안성구리),경기도,구리시,토평동,종점,2024
제029호,세종포천선(구리포천),경기도,구리시,토평동,시점,2017
제029호,세종포천선(구리포천),서울시,중랑구,신내동,중랑IC,2017
제029호,세종포천선(구리포천),서울시,중랑구,신내동,갈매동구릉TG,2017
제029호,세종포천선(구리포천),경기도,남양주시,별내동,남별내IC,2017
제029호,세종포천선(구리포천),경기도,의정부시,산곡동,동의정부IC,2017
제029호,세종포천선(구리포천),경기도,의정부시,민락동,민락IC,2017
제029호,세종포천선(구리포천),경기도,포천시,소흘읍,소흘IC,2017
제029호,세종포천선(구리포천),경기도,포천시,소흘읍,소흘JCT,2017
제029호,세종포천선(구리포천),경기도,포천시,가산면,선단IC,2017
제029호,세종포천선(구리포천),경기도,포천시,군내면,포천IC,2017
제029호,세종포천선(구리포천),경기도,포천시,신북면,신북IC,2017
제400호,수도권제2순환선(양주~포천),경기도,양주시,율정동,옥정IC,2017
제400호,수도권제2순환선(파주~양주),경기도,양주시,회암동,양주IC,2024
제400호,수도권제2순환선(파주~양주),경기도,양주시,은현면,북양주IC,2024
제400호,수도권제2순환선(파주~양주),경기도,양주시,광적면,서양주IC,2024
제400호,수도권제2순환선(파주~양주),경기도,파주시,법원읍,법원IC,2024
제030호,서산영덕선(대전당진선),충청남도,당진시,사기소동,당진JCT,2009
제030호,서산영덕선(대전당진선),충청남도,당진시,면천면,면천IC,2009
제030호,서산영덕선(대전당진선),충청남도,예산군,고덕면,고덕IC,2009
제030호,서산영덕선(대전당진선),충청남도,예산군,오가면,예산수덕사IC,2009
제030호,서산영덕선(대전당진선),충청남도,예산군,응봉면,예산JCT,2009
제030호,서산영덕선(대전당진선),충청남도,예산군,신양면,신양IC,2009
제030호,서산영덕선(대전당진선),충청남도,공주시,유구읍,유구IC,2009
제030호,서산영덕선(대전당진선),충청남도,공주시,사곡면,마곡사IC,2009
제030호,서산영덕선(대전당진선),충청남도,공주시,우성면,서공주JCT,2009
제030호,서산영덕선(대전당진선),충청남도,공주시,우성면,공주JCT,2009
제030호,서산영덕선(대전당진선),충청남도,공주시,의당면,공주IC,2009
제030호,서산영덕선(대전당진선),세종특별자치시,세종특별자치시,장군면,서세종IC,2009
제030호,서산영덕선(대전당진선),대전광역시,유성구,안산동,남세종IC,2009
제030호,서산영덕선(대전당진선),대전광역시,유성구,자운동,유성JCT,2009
제030호,서산영덕선(청주상주선),충청북도,청주시,남이면,청주JCT,2007
제030호,서산영덕선(청주상주선),충청북도,청주시,문의면,문의IC,2007
제030호,서산영덕선(청주상주선),충청북도,보은군,회인면,회인IC,2007
제030호,서산영덕선(청주상주선),충청북도,보은군,보은읍,보은IC,2007
제030호,서산영덕선(청주상주선),충청북도,보은군,탄부면,속리산IC,2007
제030호,서산영덕선(청주상주선),충청북도,보은군,마로면,구병산하이패스IC,2007
제030호,서산영덕선(청주상주선),경상북도,상주시,화서면,화서IC,2007
제030호,서산영덕선(청주상주선),경상북도,상주시,양촌동,남상주IC,2007
제030호,서산영덕선(청주상주선),경상북도,상주시,낙동면,낙동JCT,2007
제030호,서산영덕선(상주영덕선),경상북도,상주시,낙동면,상주JCT,2016
제030호,서산영덕선(상주영덕선),경상북도,상주시,낙동면,동상주IC,2016
제030호,서산영덕선(상주영덕선),경상북도,의성군,단밀면,서의성IC,2016
제030호,서산영덕선(상주영덕선),경상북도,안동시,일직면,안동JCT,2016
제030호,서산영덕선(상주영덕선),경상북도,의성군,단촌면,북의성IC,2016
제030호,서산영덕선(상주영덕선),경상북도,안동시,길안면,동안동IC,2016
제030호,서산영덕선(상주영덕선),경상북도,청송군,파천면,청송IC,2016
제030호,서산영덕선(상주영덕선),경상북도,청송군,진보면,동청송·영양IC,2016
제030호,서산영덕선(상주영덕선),경상북도,영덕군,강구면,영덕IC,2016
제032호,당진청주선(아산~천안),충청남도,아산시,염치읍,아산IC,2023
제032호,당진청주선(아산~천안),충청남도,아산시,배방읍,아산현충사IC,2023
제032호,당진청주선(아산~천안),충청남도,천안시,구룡동,서천안IC,2023
제032호,당진청주선(아산~천안),충청남도,천안시,목천읍,천안JCT,2023
제032호,당진청주선(옥산~오창),충청북도,청주시,옥산면,옥산JCT,2018
제032호,당진청주선(옥산~오창),충청북도,청주시,오창읍,서오창IC,2018
제032호,당진청주선(옥산~오창),충청북도,청주시,오창읍,오창JCT,2018
제035호,통영대전선,경상남도 ,통영시,용남면,통영IC,2005
제035호,통영대전선,경상남도 ,통영시,광도면,북통영IC,2005
제035호,통영대전선,경상남도 ,고성군,거류면,동고성IC,2005
제035호,통영대전선,경상남도 ,고성군,마암면,고성IC,2005
제035호,통영대전선,경상남도 ,고성군,영오면,연화산IC,2005
제035호,통영대전선,경상남도,진주시,정촌면,진주JCT,1996
제035호,통영대전선,경상남도,진주시,판문동,서진주IC,1996
제035호,통영대전선,경상남도,산청군,단성면,단성IC,1998
제035호,통영대전선,경상남도,산청군,금서면,산청IC,1998
제035호,통영대전선,경상남도,산청군,생초면,생초IC,1998
제035호,통영대전선,경상남도,함양군,지곡면,함양JCT,1998
제035호,통영대전선,경상남도,함양군,지곡면,지곡IC,2001
제035호,통영대전선,경상남도,함양군,서상면,서상IC,2001
제035호,통영대전선,전라북도,장수군,장계면,장수JCT,2001
제035호,통영대전선,전라북도,무주군,안성면,덕유산IC,2001
제035호,통영대전선,전라북도,무주군,무주읍,무주IC,2000
제035호,통영대전선,충청남도,금산군,제원면,금산IC,2000
제035호,통영대전선,충청남도,금산군,추부면,추부IC,2000
제035호,통영대전선,대전광역시,동 구,구도동,남대전IC,2000
제035호,통영대전선,대전광역시,동 구,대별동,산내JCT,2000
제035호,통영대전선,대전광역시,동  구,삼정동,판암IC,1999
제035호,통영대전선,대전광역시,동  구,비룡동,비룡JCT,1999
제035호,통영대전선,대전광역시,대덕구,송촌동,대전IC,1999
제035호,통영대전선,대전광역시,대덕구,신대동,회덕JCT,1998
제035호,통영대전선,대전광역시,대덕구,목상동,신탄진IC,1998
제035호,중부선,충청북도,청주시,남이면,청원IC,1993
제035호,중부선,충청북도,청주시,석곡동,남이JCT,1987
제035호,중부선 ,충청북도,청주시,비하동,청주강서 하이패스IC,1987
제035호,중부선 ,충청북도,청주시,향정동,서청주IC,1987
제035호,중부선 ,충청북도,청주시,오창읍,오창IC,1987
제035호,중부선 ,충청북도,청주시,오창읍,오창JCT,1987
제035호,중부선 ,충청북도,진천군,초평면,증평 IC,1987
제035호,중부선 ,충청북도,진천군,진천읍,진천 IC,1987
제035호,중부선 ,충청북도,음성군,대소면,대소JCT,1987
제035호,중부선 ,충청북도,음성군,삼성면,대소IC,1987
제035호,중부선 ,충청북도,음성군,삼성면,삼성하이패스IC,1987
제035호,중부선 ,경기도,안성시,일죽면,일죽IC,1987
제035호,중부선 ,경기도,이천시,모가면,남이천IC,1987
제035호,중부선 ,경기도,이천시,호법면,호법JCT,2001
제035호,중부선 ,경기도,이천시,마장면,마장JCT,1987
제035호,중부선 ,경기도,이천시,마장면,서이천IC,1987
제035호,중부선 ,경기도,광주시,도척면,곤지암JCT,1987
제035호,중부선 ,경기도,광주시,실촌면,곤지암IC,1987
제035호,중부선 ,경기도,광주시,초월면,경기광주JCT,1987
제035호,중부선 ,경기도,광주시,중부면,경기광주IC,1987
제035호,중부선 ,경기도,하남시,상산곡,산곡JCT,2001
제035호,중부선 ,경기도,하남시,하산곡,동서울TG,2001
제035호,중부선 ,경기도,하남시,천현동,하남IC,2001
제035호,중부선 ,경기도,하남시,덕풍동,하남JCT,2000
제037호,제2중부선,경기도,이천시,마장면,마장JCT,2001
제037호,제2중부선,경기도,이천시,신둔면,신둔하이패스IC,2001
제037호,제2중부선,경기도,하남시,상산곡,산곡JCT,2001
제040호,평택제천선,경기도,평택시,청북면,서평택JCT,2002
제040호,평택제천선,경기도,평택시,청북면,청북IC,2002
제040호,평택제천선,경기도,평택시,청북면,평택JCT,2002
제040호,평택제천선,경기도,평택시,고덕면,평택고덕IC,2002
제040호,평택제천선,경기도,안성시,원곡면,송탄IC,2002
제040호,평택제천선,경기도,안성시,원곡면,안성JCT,2002
제040호,평택제천선,경기도,안성시,원곡면,서안성IC,2002
제040호,평택제천선,경기도,안성시,미양면,남안성IC,2007
제040호,평택제천선,경기도,안성시,금관면,남안성JCT,2008
제040호,평택제천선,충청북도,진천군,광혜원면,북진천IC,2008
제040호,평택제천선,충청북도,음성군,대소면,대소JCT,2008
제040호,평택제천선,충청북도,음성군,금왕읍,금왕꽃동네IC,2013
제040호,평택제천선,충청북도,음성군,생극면,음성IC,2013
제040호,평택제천선,충청북도,충주시,신니면,서충주IC,2013
제040호,평택제천선,충청북도,충주시,노은면,충주JCT,2013
제040호,평택제천선,충청북도,충주시,노은면,북충주IC,2014
제040호,평택제천선,충청북도,충주시,노은면,노은JCT,2014
제040호,평택제천선,충청북도,충주시,엄정면,동충주IC,2014
제040호,평택제천선,충청북도,제천시,금성면,제천JCT,2015
제045호,중부내륙선,경상남도,마산시,내서면,내서JCT/IC,1996
제045호,중부내륙선,경상남도,함안군,칠서면,칠원TG,1996
제045호,중부내륙선,경상남도,함안군,칠서면,칠원JCT,1995
제045호,중부내륙선,경상남도,함안군,칠서면,칠서IC,1995
제045호,중부내륙선,경상남도,창녕군,남지읍,남지IC,1995
제045호,중부내륙선,경상남도,창녕군,계성면,영산IC,2023
제045호,중부내륙선,경상남도,창녕군,계성면,창녕JCT,2023
제045호,중부내륙선,경상남도,창녕군,창녕읍,창녕IC,1991
제045호,중부내륙선,대구광역시,달성군,현풍면,현풍JCT,1995
제045호,중부내륙선,경상북도,고령군,성산면,고령JCT,2007
제045호,중부내륙선,경상북도,성주군,용암면,남성주IC,2007
제045호,중부내륙선,경상북도,성주군,대가면,성주IC,2007
제045호,중부내륙선,경상북도,김천시,남면,남김천IC,2007
제045호,중부내륙선,경상북도,김천,아포,김천JCT,2001
제045호,중부내륙선,경상북도,구미시,선산,선산IC,2001
제045호,중부내륙선,경상북도,상주,낙동,낙동JCT,2007
제045호,중부내륙선,경상북도,상주,헌신,상주IC,2001
제045호,중부내륙선,경상북도,상주,공검,북상주IC,2003
제045호,중부내륙선,경상북도,상주,함창,점촌함창IC,2004
제045호,중부내륙선,경상북도,문경,마성,문경새재IC,2004
제045호,중부내륙선,충청북도,괴산군,연풍면,연풍IC,2004
제045호,중부내륙선,충청북도,괴산군,장연면,괴산IC,2004
제045호,중부내륙선,충청북도,충주시,이류면,충주IC,2004
제045호,중부내륙선,충청북도,충주시,가금면,중앙탑하이패스IC,2002
제045호,중부내륙선,충청북도,충주시,노은면,노은JCT,2002
제045호,중부내륙선,충청북도,충주시,노은면,북충주IC,2002
제045호,중부내륙선,충청북도,충주시,노은면,충주JCT,2002
제045호,중부내륙선,충청북도,음성군,감곡면,감곡IC,2002
제045호,중부내륙선,경기도,여주시,가남면,여주JCT,2002
제045호,중부내륙선,경기도,여주시,능서면,남여주IC,2010
제045호,중부내륙선,경기도,여주시,능서면,서여주IC,2010
제045호,중부내륙선,경기도,여주시,흥천면,북여주IC,2010
제045호,중부내륙선,경기도,양평군,강상면,남양평하이패스IC,2012
제045호,중부내륙선,경기도,양평군,옥천면,양평IC,2012
제400호,수도권제2순환선(포천~화도),경기도,포천시,소흘읍,소흘JCT,2024
제400호,수도권제2순환선(포천~화도),경기도,포천시,소흘읍,고모IC,2024
제400호,수도권제2순환선(포천~화도),경기도,포천시,내촌면,내촌IC,2024
제400호,수도권제2순환선(포천~화도),경기도,남양주시,수동면,수동IC,2024
제400호,수도권제2순환선(포천~화도),경기도,남양주시,화도읍,달뫼IC,2024
제400호,수도권제2순환선(포천~화도),경기도,남양주시,화도읍,화도JCT,2024
제400호,수도권제2순환선(조안~양평),경기도,양평군,양서면,두물머리하이패스IC,2023
제400호,수도권제2순환선(조안~양평),경기도,남양주시,조안면,조안IC,2023
제400호,수도권제2순환선(화도~조안),경기도,남양주시,화도읍,화도JCT,2024
제050호,영동선,인천광역시,남동구,만수동,서창JCT,1994
제050호,영동선,경기도,시흥시,월곶동,월곶JCT,1994
제050호,영동선,경기도,시흥시,월곶동,군자JCT,1994
제050호,영동선,경기도,시흥시,거모동,군자TG,1994
제050호,영동선,경기도,안산시,선부동,서안산IC,1994
제050호,영동선,경기도,안산시,양상동,안산IC,2001
제050호,영동선,경기도,안산시,부곡동,안산JCT,2001
제050호,영동선,경기도,군포시,둔대동,둔대JCT,2001
제050호,영동선,경기도,군포시,대야미동,군포IC,2001
제050호,영동선,경기도,군포시,부곡동,동군포IC,2001
제050호,영동선,경기도,의왕시,삼   동,부곡IC,2001
제050호,영동선,경기도,수원시,파장동,북수원IC,2001
제050호,영동선,경기도,수원시,이의동,동수원IC,2001
제050호,영동선,경기도,용인시,기흥구,신갈JCT,2001
제050호,영동선,경기도,용인시,기흥구,마성IC,2011
제050호,영동선,경기도,용인시,포곡읍,서용인JCT,2011
제050호,영동선,경기도,용인시,처인구,용인IC,2011
제050호,영동선,경기도,용인시,양지면,용인JCT,2011
제050호,영동선,경기도,용인시,양지면,양지IC,2011
제050호,영동선,경기도,이천시,마장면,덕평IC,2011
제050호,영동선,경기도,이천시,호법면,호법JCT,2003
제050호,영동선,경기도,이천시,대월면,이천IC,2003
제050호,영동선,경기도,여주시,가남면,여주JCT,2003
제050호,영동선,경기도,여주시,여주읍,여주IC,1994
제050호,영동선,강원도,원주시,문막읍,문막IC,1994
제050호,영동선,강원도,원주시,지정면,만종JCT,1994
제050호,영동선,강원도,원주시,우산동,원주JCT,1997
제050호,영동선,강원도,원주시,태장2동,원주IC,1997
제050호,영동선,강원도,횡성군,우천면,새말IC,1999
제050호,영동선,강원도,횡성군,둔내면,둔내IC,1999
제050호,영동선,강원도,횡성군,둔내면,동둔내하이패스IC,1999
제050호,영동선,강원도,평창군,봉평면,면온IC,1999
제050호,영동선,강원도,평창군,용평면,평창IC,1999
제050호,영동선,강원도,평창군,용평면,속사IC,1999
제050호,영동선,강원도,평창군,진부면,진부IC,1999
제050호,영동선,강원도,평창군,대관령면,대관령IC,2000
제050호,영동선,강원도,강릉시,성산면,강릉JCT,2001
제055호,중앙선,부산광역시,사상구,삼락동,삼락IC,1998
제055호,중앙선,부산광역시,강서구,대저1동,대저JCT,1996
제055호,중앙선,경상남도,김해시,대동면,초정IC,1996
제055호,중앙선,경상남도,김해시,대동면,대동TG/IC,1996
제055호,중앙선,경상남도,김해시,대동면,대감JCT,1996
제055호,중앙선,경상남도,김해시,대동면,대동JCT,2006
제055호,중앙선,경상남도,김해시,상동면,상동IC,2006
제055호,중앙선,경상남도,밀양시,삼랑진읍,삼랑진IC,2006
제055호,중앙선,경상남도,밀양시,상남면,남밀양IC,2006
제055호,중앙선,경상남도,밀양시,산외면,밀양IC,2006
제055호,중앙선,경상남도,밀양시,산외면,밀양JCT,2006
제055호,중앙선,경상북도,청도군,청도면,청도IC,2006
제055호,중앙선,대구광역시,수성구,노변동,수성IC,2006
제055호,중앙선,대구광역시,동구,율하동,동대구IC,2006
제055호,중앙선,대구광역시,동구,신평,동대구JCT,2006
제055호,중앙선,대구광역시,북 구,금호동,금호JCT,2003
제055호,중앙선,대구광역시,북 구,관음동,칠곡IC,1995
제055호,중앙선,경상북도,칠곡군,동명면,동명동호JCT,2000
제055호,중앙선,경상북도,칠곡군,가산면,다부IC,2000
제055호,중앙선,경상북도,칠곡군,가산면,가산IC,2000
제055호,중앙선,경상북도,군위군,군위읍,군위IC,2000
제055호,중앙선,경상북도,의성군,봉양면,의성IC,2000
제055호,중앙선,경상북도,안동시,일직면,안동JCT,2000
제055호,중앙선,경상북도,안동시,일직면,남안동IC,1999
제055호,중앙선,경상북도,안동시,풍산읍,서안동IC,1999
제055호,중앙선,경상북도,예천군,보문면,예천IC,1999
제055호,중앙선,경상북도,영주시,장수면,영주IC,1999
제055호,중앙선,경상북도,영주시,봉현면,풍기IC,2000
제055호,중앙선,충청북도,단양군,대강면,단양IC,2001
제055호,중앙선,충청북도,단양군,적성면,북단양IC,2001
제055호,중앙선,충청북도,제천시,금성면,남제천IC,2001
제055호,중앙선,충청북도,제천시,금성면,제천JCT,2001
제055호,중앙선,충청북도,제천시,봉양읍,제천IC,2000
제055호,중앙선,강원도,원주시,신림면,신림IC,2000
제055호,중앙선,강원도,원주시,무실동,남원주IC,2000
제055호,중앙선,강원도,원주시,지정면,만종JCT,1998
제055호,중앙선,강원도,원주시,지정면,신평JCT,2001
제055호,중앙선,강원도,원주시,호저면,북원주IC,2001
제055호,중앙선,강원도,횡성군,횡성읍,횡성IC,2001
제055호,중앙선,강원도,홍천군,홍천읍,홍천IC,2000
제055호,중앙선,강원도,춘천시,동산면,춘천JCT,2000
제055호,중앙선,강원도,춘천시,동내면,춘천IC,2000
제060호,서울양양선,서울특별시,강동구,강일동,강일IC,2009
제060호,서울양양선,경기도,하남시,선동,선동IC,2009
제060호,서울양양선,경기도,하남시,망월동,미사IC,2009
제060호,서울양양선,경기도,남양주시,삼패동,덕소삼패IC,2009
제060호,서울양양선,경기도,남양주시,와부읍,남양주TG,2009
제060호,서울양양선,경기도,남양주시,화도읍,화도IC,2009
제060호,서울양양선,경기도,남양주시,화도읍,화도JCT,2009
제060호,서울양양선,경기도,양평군,서종면,서종IC,2009
제060호,서울양양선,경기도,가평군,설악면,설악IC,2009
제060호,서울양양선,강원도,춘천시,남면,강촌IC,2009
제060호,서울양양선,강원도,춘천시,동산면,남춘천IC,2009
제060호,서울양양선,강원도,춘천시,동산면,동산TG,2009
제060호,서울양양선,강원도,춘천시,동산면,조양IC,2009
제060호,서울양양선,강원도,춘천시,동산면,춘천JCT,2009
제060호,서울양양선,강원도,홍천군,화촌면,동홍천IC,2009
제060호,서울양양선,강원도,홍천군,내촌면,내촌IC,2017
제060호,서울양양선,강원도,인제군,상남면,인제IC,2017
제060호,서울양양선,강원도,양양군,서면,서양양IC,2017
제060호,서울양양선,강원도,양양군,서면,양양IC/JCT,2017
제065호,동해선(삼척~양양),강원도,삼척시,근덕면,근덕IC,2016
제065호,동해선(삼척~양양),강원도,삼척시,자원동,삼척IC,2016
제065호,동해선(삼척~양양),강원도,동해시,지흥동,동해IC,2004
제065호,동해선(삼척~양양),강원도,동해시,심곡동,망상IC,2004
제065호,동해선(삼척~양양),강원도,강릉시,옥계면,옥계IC,2004
제065호,동해선(삼척~양양),강원도,강릉시,강동면,남강릉IC,2004
제065호,동해선(삼척~양양),강원도,강릉시,성산면,강릉IC,2001
제065호,동해선(삼척~양양),강원도,강릉시,성산면,강릉JCT,2001
제065호,동해선(삼척~양양),강원도,강릉시,사천면,북강릉IC,2001
제065호,동해선(삼척~양양),강원도,양양군,현남면,남양양IC,2001
제065호,동해선(삼척~양양),강원도,양양군,현북면,하조대IC,2009
제065호,동해선(삼척~양양),강원도,양양군,서면,양양IC/JCT,2012
제065호,동해선(양양~속초),강원도,양양군,강현면,북양양IC,2016
제065호,동해선(양양~속초),강원도,속초시,노학동,속초IC,2016
제065호,동해선(부산~포항),부산광역시,기장군,기장읍,동부산IC,2008
제065호,동해선(부산~포항),부산광역시,기장군,기장읍,해운대IC,2008
제065호,동해선(부산~포항),부산광역시,기장군,일광면,기장IC/JCT,2008
제065호,동해선(부산~포항),부산광역시,기장군,장안읍,장안IC,2008
제065호,동해선(부산~포항),울산광역시,울주군,온양읍,온양IC,2008
제065호,동해선(부산~포항),울산광역시,울주군,청량면,청량IC,2008
제065호,동해선(부산~포항),울산광역시,울주군,청량면,울주JCT,2008
제065호,동해선(부산~포항),울산광역시,울주군,청량면,문수IC,2008
제065호,동해선(부산~포항),울산광역시,울주군,범서읍,울산JCT,2008
제065호,동해선(부산~포항),울산광역시,울주군,범서읍,범서IC,2015
제065호,동해선(부산~포항),경상북도,경주시,외동읍,남경주IC,2015
제065호,동해선(부산~포항),경상북도,경주시,양북면,동경주IC,2016
제065호,동해선(부산~포항),경상북도,포항시,오천읍,남포항TG,2015
제065호,동해선(부산~포항),경상북도,포항시,오천읍,남포항IC,2015
제100호,수도권제1순환선,경기도,성남시,삼평동,판교JCT,2002
제100호,수도권제1순환선,경기도,성남시,성남동,성남IC,2002
제100호,수도권제1순환선,서울특별시,송파구,장지동,송파IC,2002
제100호,수도권제1순환선,경기도,하남시,감일동,서하남IC,2002
제100호,수도권제1순환선,경기도,하남시,감일동,서하남JCT,2002
제100호,수도권제1순환선,경기도,하남시,춘궁동,하남JCT,2002
제100호,수도권제1순환선,서울특별시,강동구,상일동,상일IC,2002
제100호,수도권제1순환선,서울특별시,강동구,하일동,강일IC,2002
제100호,수도권제1순환선,경기도,구리시,토평동,토평IC,2002
제100호,수도권제1순환선,경기도,남양주시,도농동,남양주IC,2002
제100호,수도권제1순환선,경기도,구리시,인창동,구리IC,2002
제100호,수도권제1순환선,경기도,구리시,사노동,퇴계원IC,2002
제100호,수도권제1순환선,경기도,남양주시,별내면,별내IC,2006
제100호,수도권제1순환선,경기도,의정부시,장암동,의정부IC,2006
제100호,수도권제1순환선,경기도,양주시,장흥면,송추IC,2007
제100호,수도권제1순환선,경기도,고양시,덕양구,통일로IC,2006
제100호,수도권제1순환선,경기도,고양시,덕양구,고양IC,2006
제100호,수도권제1순환선,경기도,고양시,덕양구,일산IC,2001
제100호,수도권제1순환선,경기도,고양시,덕양구,자유로JCT,2001
제100호,수도권제1순환선,경기도,김포시,고촌면,김포IC,1997
제100호,수도권제1순환선,인천광역시,계양구,귤현동,노오지JCT,1999
제100호,수도권제1순환선,인천광역시,계양구,병방동,계양IC,1999
제100호,수도권제1순환선,인천광역시,부평구,서운동,서운JCT,1998
제100호,수도권제1순환선,경기도,부천시,중동,중동IC,1998
제100호,수도권제1순환선,경기도,부천시,송내동,송내IC,1998
제100호,수도권제1순환선,인천광역시,부평구,구산동,장수IC,1998
제100호,수도권제1순환선,경기도,시흥시,대야동,시흥IC,1999
제100호,수도권제1순환선,경기도,시흥시,계수동,시흥TG,1999
제100호,수도권제1순환선,경기도,시흥시,안현동,안현JCT,1999
제100호,수도권제1순환선,경기도,시흥시,금이동,도리JCT,2010
제100호,수도권제1순환선,경기도,시흥시,조남동,조남JCT,1999
제100호,수도권제1순환선,경기도,군포시,산본동,산본IC,1999
제100호,수도권제1순환선,경기도,안양시,평촌동,평촌IC,1995
제100호,수도권제1순환선,경기도,의왕시,학의동,학의JCT,1995
제100호,수도권제1순환선,경기도,성남시,삼평동,판교JCT,1995
제102호,남해제1지선,경상남도,함안군,산인면,산인TG,1989
제102호,남해제1지선,경상남도,마산시,내서읍,내서JCT,1981
제102호,남해제1지선,경상남도,마산시,회원구,서마산IC,1981
제102호,남해제1지선,경상남도,마산시,회원구,동마산IC,2002
제102호,남해제1지선,경상남도,창원시,소계동,마산TG,1981
제102호,남해제1지선,경상남도,창원시,동읍,창원JCT,2001
제104호,남해제2지선,경상남도,김해시,주촌면,냉정JCT,2015
제104호,남해제2지선,경상남도,김해시,삼문동,장유IC,2015
제104호,남해제2지선,경상남도,김해시,신문동,남장유 하이패스IC,2014
제104호,남해제2지선,경상남도,김해시,수가동,서부산TG,2014
제104호,남해제2지선,부산광역시,강서구,봉림동,가락IC,2014
제104호,남해제2지선,부산광역시,강서구,대저2동,서부산IC,2014
제104호,남해제2지선,부산광역시,사상구,감전동,사상IC,2014
제110호,제2경인선,인천광역시,남   구,학익동,학익JCT,1994
제110호,제2경인선,인천광역시,남   구,문학동,문학IC,1994
제110호,제2경인선,인천광역시,남동구,남촌동,남동IC,1994
제110호,제2경인선,인천광역시,남동구,서창동,서창JCT,1994
제110호,제2경인선,인천광역시,남동구,운연동,남인천TG,1994
제110호,제2경인선,경기도,시흥시,방산동,신천IC,1994
제110호,제2경인선,경기도,시흥시,안현동,안현JCT,1994
제110호,제2경인선,경기도,광명시,노온사동,광명IC,1994
제110호,제2경인선,경기도,광명시,일직동,일직JCT,1995
제110호,제2경인선,경기도,안양시,석수동,석수IC,2001
제120호,경인선,인천광역시,서구,가정동,서인천IC,1998
제120호,경인선,인천광역시,계양구,작전동,부평IC,1993
제120호,경인선,인천광역시,계양구,서운동,서운JCT,1992
제120호,경인선,경기도,부천시,내동,부천IC,1992
제120호,경인선,서울특별시,양천구,신월동,신월IC,1992
제130호,인천국제공항선,인천광역시,중구,운서동,공항신도시IC,2000
제130호,인천국제공항선,인천광역시,중구,운북동,공항입구JCT,2000
제130호,인천국제공항선,인천광역시,중구,중산동,금산IC,2000
제130호,인천국제공항선,인천광역시,서구,경서동,북인천IC,2000
제130호,인천국제공항선,인천광역시,계양구,귤현동,노오지JCT,2000
제130호,인천국제공항선,경기도,김포시,고촌면,김포공항IC,2000
제130호,인천국제공항선,서울특별시,강서구,방화동,88JCT,2000
제130호,인천국제공항선,경기도,고양시,강매동,북로JCT,2000
제151호,서천공주선,충청남도,서천군,화양면,동서천IC,2009
제151호,서천공주선,충청남도,서천군,화양면,동서천TG,2009
제151호,서천공주선,충청남도,서천군,화양면,동서천JCT,2009
제151호,서천공주선,충청남도,부여군,홍산면,서부여IC,2009
제151호,서천공주선,충청남도,부여군,은산면,부여JCT,2009
제151호,서천공주선,충청남도,부여군,은산면,부여IC,2009
제151호,서천공주선,충청남도,청양군,청남면,청양IC,2009
제151호,서천공주선,충청남도,공주시,우성면,서공주IC,2009
제151호,서천공주선,충청남도,공주시,우성면,서공주JCT,2009
제251호,호남선지선,충청남도,논산시,연무읍,논산JCT,1986
제251호,호남선지선,충청남도,논산시,연무읍,논산IC,1985
제251호,호남선지선,충청남도,논산시,양촌면,양촌하이패스IC,2012
제251호,호남선지선,충청남도,논산시,두마면,계룡IC,1985
제251호,호남선지선,대전광역시,유성구,원내동,서대전JCT,1985
제251호,호남선지선,대전광역시,유성구,장대동,유성IC,1985
제251호,호남선지선,대전광역시,유성구,하기동,유성JCT,1985
제251호,호남선지선,대전광역시,유성구,화암동,북대전IC,1985
제251호,호남선지선,대전광역시,대덕구,신대동,회덕JCT,1985
제300호,대전남부순환선,대전광역시,유성구,원내동,서대전JCT,2000
제300호,대전남부순환선,대전광역시,서  구,관저동,서대전IC,2000
제300호,대전남부순환선,대전광역시,중  구,안영동,안영IC,2000
제300호,대전남부순환선,대전광역시,동  구,대별동,산내JCT,1999
제300호,대전남부순환선,대전광역시,동  구,삼정동,판암IC,1999
제300호,대전남부순환선,대전광역시,동  구,비룡동,비룡JCT,1999
제451호,중부내륙선지선,대구광역시,달성군,현풍면,현풍JCT/IC,1995
제451호,중부내륙선지선,대구광역시,달성군,현풍면,북현풍하이패스IC,1995
제451호,중부내륙선지선,대구광역시,달성군,옥포면,달성IC,1986
제451호,중부내륙선지선,대구광역시,달성군,옥포면,옥포JCT,2006
제451호,중부내륙선지선,대구광역시,달성군,화원면,화원옥포IC,2009
제451호,중부내륙선지선,대구광역시,달성군,화원면,유천하이패스IC,2009
제451호,중부내륙선지선,대구광역시,달서구,월성동,남대구IC,2010
제451호,중부내륙선지선,대구광역시,서구,상리동,서대구IC,2003
제451호,중부내륙선지선,대구광역시,북구,금호동,금호JCT,2003
제551호,중앙선지선,경상남도,김해시,안동,김해JCT,2014
제551호,중앙선지선,경상남도,김해시,대동면,대동JCT,2014
제551호,중앙선지선,경상남도,양산시,물금읍,물금IC,2014
제551호,중앙선지선,경상남도,양산시,동면,남양산IC,2014
제551호,중앙선지선,경상남도,양산시,다방동,양산JCT,1996
제600호,부산외곽순환선,경상남도,김해시,진영읍,진영JCT,2017
제600호,부산외곽순환선,경상남도,김해시,진영읍,진영IC,2017
제600호,부산외곽순환선,경상남도,김해시,한림면,한림IC,2017
제600호,부산외곽순환선,경상남도,김해시,상동면,광재IC,2017
제600호,부산외곽순환선,경상남도,김해시,대동면,대감JCT,2017
제600호,부산외곽순환선,경상남도,김해시,대동면,김해가야하이패스IC,2017
제600호,부산외곽순환선,부산광역시,금정구,노포동,노포JCT,2017
제600호,부산외곽순환선,부산광역시,금정구,두구동,금정IC,2017
제600호,부산외곽순환선,부산광역시,기장군,철마면,기장철마IC,2017
제600호,부산외곽순환선,부산광역시,기장군,일광면,기장일광IC/기장JCT,2017
제017호,익산평택선,충청남도,부여,규암,부여구룡IC,2024
제017호,익산평택선,충청남도,부여,규암,부여JCT,2024
제017호,익산평택선,충청남도,청양,청양,청양IC,2024
제017호,익산평택선,충청남도,예산,응봉,예산예당호휴게소IC(H),2024
제017호,익산평택선,충청남도,예산,오가,예산JCT,2024
제017호,익산평택선,충청남도,예산,신암,예산추사고택(신암)IC,2024
제017호,익산평택선,충청남도,아산시,영인면,영인IC,2024
제017호,익산평택선,경기도,평택시,현덕면,평택호하이패스IC,2024
제017호,익산평택선,경기도,평택시,현덕면,익산평택선 종점,2024
제173호,익산평택선의지선,경기도,평택시,현덕면,익산평택선의지선 시점,2024
제173호,익산평택선의지선,경기도,평택시,현덕면,현덕JCT,2024
제173호,익산평택선의지선,경기도,평택시,포승읍,포승IC,2024
제173호,익산평택선의지선,경기도,평택시,포승읍,포승JCT,2024
제017호,평택화성선,경기도,평택시,오성면,오성IC,2009
제017호,평택화성선,경기도,평택시,오성면,평택JCT,2009
제017호,평택화성선,경기도,평택시,청북면,어연IC,2009
제017호,평택화성선,경기도,평택시,청북면,북평택TG,2009
제017호,평택화성선,경기도,화성시,정남면,향남IC,2009
제017호,평택화성선,경기도,오산시,서랑동,서오산JCT,2009
제017호,평택화성선,경기도,화성시,정남면,정남IC,2009
제017호,평택화성선,경기도,화성시,봉담읍,봉담TG,2009
제017호,평택화성선,경기도,화성시,봉담읍,봉담IC,2009
제017호,수원광명선,경기도,수원시,권선구,금곡IC,2016
제017호,수원광명선,경기도,수원시,권선구,동안산당수IC,2016
제017호,수원광명선,경기도,군포시,부곡동,남군포IC,2016
제017호,수원광명선,경기도,시흥시,목감동,동시흥JCT,2016
제017호,수원광명선,경기도,광명시,가학동,남광명JCT,2016
제017호,수원광명선,경기도,광명시,가학동,남광명TG,2016
제017호,수원광명선,경기도,광명시,소하동,성채소하IC,2016
제017호,서울문산선,경기도,고양시,덕은동,남고양IC,2020
제017호,서울문산선,경기도,고양시,강매동,행주산성JCT,2020
제017호,서울문산선,경기도,고양시,강매동,봉대산JCT,2020
제017호,서울문산선,경기도,고양시,도내동,흥도IC,2020
제017호,서울문산선,경기도,고양시,원당동,고양JCT,2020
제017호,서울문산선,경기도,고양시,사리현동,사리현IC,2020
제017호,서울문산선,경기도,고양시,설문동,북고양(설문)IC,2020
제017호,서울문산선,경기도,파주시,금릉동,금촌IC,2020
제017호,서울문산선,경기도,파주시,월롱면,월롱IC,2020
제017호,서울문산선,경기도,파주시,월롱면,산단IC,2020
제017호,서울문산선,경기도,파주시,문산읍,내포IC,2020
제171호,오산화성선,경기도,오산시,서랑동,서오산JCT,2009
제171호,오산화성선,경기도,오산시,양산동,안녕IC,2009
제400호,수도권제2순환선(봉담동탄),경기도,화성시,동탄면,동탄JCT,2009
제400호,수도권제2순환선(봉담동탄),경기도,화성시,동탄면,동탄TG,2009
제400호,수도권제2순환선(봉담동탄),경기도,오산시,내삼미동,북오산IC,2009
제400호,수도권제2순환선(봉담동탄),경기도,오산시,서랑동,서오산JCT,2009
제400호,수도권제2순환선(봉담동탄),경기도,화성시,정남면,정남IC,2009
제171호,용인서울선,경기도,용인시,영덕동,흥덕IC,2009
제171호,용인서울선,경기도,수원시,이의동,광교상현IC,2009
제171호,용인서울선,경기도,용인시,성복동,서수지IC,2009
제171호,용인서울선,경기도,용인시,신봉동,서수지TG,2009
제171호,용인서울선,경기도,성남시,대장동,서분당IC(고기),2009
제171호,용인서울선,경기도,성남시,운중동,서판교IC,2009
제171호,용인서울선,경기도,성남시,금토동,금토TG,2009
제171호,용인서울선,경기도,성남시,고등동,고등IC,2009
제171호,용인서울선,서울특별시,강남구,세곡동,헌릉IC,2009
제110호,제2경인선,인천광역시,중구,운남동,영종IC,2009
제110호,제2경인선,인천광역시,연수구,해상,연수JCT,2009
제110호,제2경인선,인천광역시,연수구,해상,옥련IC,2009
제110호,제2경인선,인천광역시,남구,학익동,학익JCT,2009
제110호,제2경인선,인천광역시,연수구,해상,송도IC,2009
제153호,평택시흥선,경기도,평택시,청북면,서평택JCT,2013
제153호,평택시흥선,경기도,화성시,장안면,장안TG,2013
제153호,평택시흥선,경기도,화성시,우정읍,조암IC,2013
제153호,평택시흥선,경기도,화성시,마도면,송산마도IC,2013
제153호,평택시흥선,경기도,안산시,단원구,남안산IC,2013
제153호,평택시흥선,경기도,시흥시,죽율동,서시흥TG,2013
제153호,평택시흥선,경기도,시흥시,거모동,군자JCT,2013
제052호,광주원주선,경기도,광주시,초월읍,경기광주JCT,2016
제052호,광주원주선,경기도,광주시,곤지암읍,동곤지암IC,2016
제052호,광주원주선,경기도,여주시,흥천면,흥천이포IC,2016
제052호,광주원주선,경기도,여주시,대신면,대신IC,2016
제052호,광주원주선,경기도,여주시,북내면,동여주IC,2016
제052호,광주원주선,경기도,양평군,양동면,동양평IC,2016
제052호,광주원주선,강원도,원주시,지정면,서원주IC,2016
제052호,광주원주선,강원도,원주시,호저면,신평JCT,2016
제052호,광주원주선,강원도,원주시,가현동,원주JCT,2016
제105호,남해제3지선(부산항신항선),경상남도,창원시,진해구,진해IC,2017
제105호,남해제3지선(부산항신항선),경상남도,김해시,관동동,대청IC,2017
제105호,남해제3지선(부산항신항선),경상남도,김해시,진례면 ,남진례IC,2017
제105호,남해제3지선(부산항신항선),경상남도,김해시,진례면 ,진례JCT,2017
제110호,제2경인선(안양~성남),경기도,안양시,석수동,삼막IC,2017
제110호,제2경인선(안양~성남),경기도,의왕시,포일동,북의왕IC,2017
제110호,제2경인선(안양~성남),경기도,의왕시,청계동,북청계IC,2017
제110호,제2경인선(안양~성남),경기도,성남시,시흥동,동판교IC,2017
제110호,제2경인선(안양~성남),경기도,성남시,사송동,여수대로IC,2017
제110호,제2경인선(안양~성남),경기도,성남시,여수동,여수대로삼거리,2017
제301호,영천상주선,경상북도,상주시,낙동면,낙동JCT,2016
제301호,영천상주선,경상북도,상주시,낙동면,상주JCT,2016
제301호,영천상주선,경상북도,상주시,낙동면,낙동TG,2017
제301호,영천상주선,경상북도,구미시,도개면,도개IC,2017
제301호,영천상주선,경상북도,군위군,소보면,서군위IC,2017
제301호,영천상주선,경상북도,군위군,효령면,군위JCT,2017
제301호,영천상주선,경상북도,군위군,부계면,동군위IC,2017
제301호,영천상주선,경상북도,영천시,신녕면,신녕IC,2017
제301호,영천상주선,경상북도,영천시,화산면,군위JCT,2017
제301호,영천상주선,경상북도,영천시,신기동,동연천IC,2017
제301호,영천상주선,경상북도,영천시,북안면,영천TG,2017
제301호,영천상주선,경상북도,영천시,북안면,북안IC,2017
제301호,영천상주선,경상북도,영천시,북안면,영천JCT,2017
제400호,수도권제2순환선(인천김포),인천광역시,서구,원창동,남청라IC,2017
제400호,수도권제2순환선(인천김포),인천광역시,서구,오류동,북청라IC,2017
제400호,수도권제2순환선(인천김포),인천광역시,서구,오류동,검단.양촌IC,2017
제400호,수도권제2순환선(인천김포),경기도,김포시,대곶면,대곶IC,2017
제400호,수도권제2순환선(인천김포),경기도,김포시,양촌읍,서김포.통진IC,2017
제400호,수도권제2순환선(봉담송산),경기도,화성시,봉담읍,화성JCT,2021
제400호,수도권제2순환선(봉담송산),경기도,화성시,봉담읍,남봉담IC,2021
제400호,수도권제2순환선(봉담송산),경기도,화성시,비봉면,남비봉팔탄IC,2021
제400호,수도권제2순환선(봉담송산),경기도,화성시,팔탄면,팔탄JCT,2021
제400호,수도권제2순환선(봉담송산),경기도,화성시,남양읍,화성IC,2021
제400호,수도권제2순환선(봉담송산),경기도,화성시,남양읍,마도IC,2021
제400호,수도권제2순환선(봉담송산),경기도,화성시,마도면,마도JCT,2021
제700호,대구외곽순환선,대구광역시,달서구,대천동,달서IC,2022
제700호,대구외곽순환선,대구광역시,달성군,다사읍,다사IC,2022
제700호,대구외곽순환선,대구광역시,달성군,다사읍,북달성TG,2022
제700호,대구외곽순환선,대구광역시,달성군,다사읍 ,북다사IC,2022
제700호,대구외곽순환선,경상북도,칠곡군,지천면,칠곡JCT,2022
제700호,대구외곽순환선,경상북도,칠곡군,지천면,남칠곡TG,2022
제700호,대구외곽순환선,경상북도,칠곡군,지천면,지천IC,2022
제700호,대구외곽순환선,대구광역시,북구,동호동,동명동호IC/JCT,2022
제700호,대구외곽순환선,대구광역시 ,북구,서변동,서변IC,2022
제700호,대구외곽순환선,대구광역시 ,북구,연경동,연경TG,2022
제700호,대구외곽순환선,대구광역시 ,동구,지묘동,파군재IC,2022
제700호,대구외곽순환선,대구광역시 ,동구,둔산동,둔산IC,2022
제700호,대구외곽순환선,대구광역시 ,동구,둔산동,상매JCT,2022
제700호,대구외곽순환선,대구광역시 ,동구,상매동,율암TG,2022
제400호,수도권제2순환선(이천오산),경기도,화성시,방교동,동탄JCT,2022
제400호,수도권제2순환선(이천오산),경기도,화성시,중동,동탄IC,2022
제400호,수도권제2순환선(이천오산),경기도,용인시,삼가동,서용인IC,2022
제400호,수도권제2순환선(이천오산),경기도,용인시,포곡읍,서용인JCT,2022
제400호,수도권제2순환선(이천오산),경기도,용인시,포곡읍,포곡IC,2022
제400호,수도권제2순환선(이천오산),경기도,용인시,양지면,북용인JCT,2022
제400호,수도권제2순환선(이천오산),경기도,광주시,도척면,도척IC,2022
제400호,수도권제2순환선(이천오산),경기도,광주시,도척면,곤지암JCT,2022
제500호,광주외곽순환선,광주광역시,광산구,산수동,남광산IC,2022
제500호,광주외곽순환선,광주광역시,광산구,산막동,남광산TG,2022
제500호,광주외곽순환선,전라남도,장성군,남면,남장성IC,2022
제500호,광주외곽순환선,전라남도,장성군,남면,남장성JCT,2022
제400호,수도권제2순환선(시화MTV),경기도,안산시,성곡동,남안산JCT,2023
제400호,수도권제2순환선(시화MTV),경기도,시흥시 ,정왕동,시화IC,2023
